,,Ladder score,Social support,,,,,,,,,,,,,,,,,,,,,,
,,x,y,,,xy,x2,y2,,(x - x?),(y - y? ),(x - x?)(y - y? ),(x - x?)2,(y - y? )2,,,,,,,,,,,
,,7.741,1.572,N =,140,12.169,59.923,2.471,,2.210107143,0.437671429,0.967300751,4.884573583,0.191556279,,,,,,,,,,,
,,7.583,1.52,x? = ,5.530892857,11.526,57.502,2.31,,2.052107143,0.385671429,0.791439093,4.211143726,0.148742451,,,,,,,,,,,
,,7.525,1.617,y? = ,1.134328571,12.168,56.626,2.615,,1.994107143,0.482671429,0.962498543,3.976463297,0.232971708,,,,,,,,,,,
,,7.344,1.501,,,11.023,53.934,2.253,,1.813107143,0.366671429,0.664814586,3.287357511,0.134447937,,,,,,,,,,,
,,7.341,1.513,,,11.107,53.89,2.289,,1.810107143,0.378671429,0.685435858,3.276487869,0.143392051,,,,,,,,,,,
,,7.319,1.462,,,10.7,53.568,2.137,,1.788107143,0.327671429,0.585911622,3.197327154,0.107368565,,,,,,,,,,,
,,7.302,1.517,,,11.077,53.319,2.301,,1.771107143,0.382671429,0.677752101,3.136820511,0.146437422,,,,,,,,,,,
,,7.122,1.355,,,9.65,50.723,1.836,,1.591107143,0.220671429,0.351111886,2.53162194,0.048695879,,,,,,,,,,,
,,7.06,1.425,,,10.061,49.844,2.031,,1.529107143,0.290671429,0.444467758,2.338168654,0.084489879,,,,,,,,,,,
,,7.057,1.461,,,10.31,49.801,2.135,,1.526107143,0.326671429,0.498535601,2.329003011,0.106714222,,,,,,,,,,,
,,7.029,1.527,,,10.733,49.407,2.332,,1.498107143,0.392671429,0.588263872,2.244325011,0.154190851,,,,,,,,,,,
,,6.955,1.373,,,9.549,48.372,1.885,,1.424107143,0.238671429,0.339893686,2.028081154,0.056964051,,,,,,,,,,,
,,6.951,1.364,,,9.481,48.316,1.86,,1.420107143,0.229671429,0.326158036,2.016704297,0.052748965,,,,,,,,,,,
,,6.905,1.336,,,9.225,47.679,1.785,,1.374107143,0.201671429,0.277118151,1.88817044,0.040671365,,,,,,,,,,,
,,6.9,1.459,,,10.067,47.61,2.129,,1.369107143,0.324671429,0.444509972,1.874454369,0.105411537,,,,,,,,,,,
,,6.894,1.44,,,9.927,47.527,2.074,,1.363107143,0.305671429,0.416662908,1.858061083,0.093435022,,,,,,,,,,,
,,6.838,1.39,,,9.505,46.758,1.932,,1.307107143,0.255671429,0.334189951,1.708529083,0.065367879,,,,,,,,,,,
,,6.822,1.511,,,10.308,46.54,2.283,,1.291107143,0.376671429,0.486323172,1.666957654,0.141881365,,,,,,,,,,,
,,6.818,1.454,,,9.913,46.485,2.114,,1.287107143,0.319671429,0.411451379,1.656644797,0.102189822,,,,,,,,,,,
,,6.749,1.326,,,8.949,45.549,1.758,,1.218107143,0.191671429,0.233476336,1.483785011,0.036737937,,,,,,,,,,,
,,6.743,1.502,,,10.128,45.468,2.256,,1.212107143,0.367671429,0.445657165,1.469203726,0.135182279,,,,,,,,,,,
,,6.733,1.164,,,7.837,45.333,1.355,,1.202107143,0.029671429,0.035668236,1.445061583,0.000880394,,,,,,,,,,,
,,6.725,1.392,,,9.361,45.226,1.938,,1.194107143,0.257671429,0.307687293,1.425891869,0.066394565,,,,,,,,,,,
,,6.719,1.39,,,9.339,45.145,1.932,,1.188107143,0.255671429,0.303765051,1.411598583,0.065367879,,,,,,,,,,,
,,6.678,1.241,,,8.287,44.596,1.54,,1.147107143,0.106671429,0.122363558,1.315854797,0.011378794,,,,,,,,,,,
,,6.611,1.431,,,9.46,43.705,2.048,,1.080107143,0.296671429,0.320436929,1.16663144,0.088013937,,,,,,,,,,,
,,6.609,1.348,,,8.909,43.679,1.817,,1.078107143,0.213671429,0.230360693,1.162315011,0.045655479,,,,,,,,,,,
,,6.594,1.361,,,8.974,43.481,1.852,,1.063107143,0.226671429,0.240976015,1.130196797,0.051379937,,,,,,,,,,,
,,6.561,1.277,,,8.378,43.047,1.631,,1.030107143,0.142671429,0.146966858,1.061120726,0.020355137,,,,,,,,,,,
,,6.523,1.361,,,8.878,42.55,1.852,,0.992107143,0.226671429,0.224882343,0.984276583,0.051379937,,,,,,,,,,,
,,6.503,1.346,,,8.753,42.289,1.812,,0.972107143,0.211671429,0.205767308,0.944992297,0.044804794,,,,,,,,,,,
,,6.491,1.236,,,8.023,42.133,1.528,,0.960107143,0.101671429,0.097615465,0.921805726,0.010337079,,,,,,,,,,,
,,6.469,1.08,,,6.987,41.848,1.166,,0.938107143,-0.054328571,-0.050966021,0.880045011,0.002951594,,,,,,,,,,,
,,6.448,1.527,,,9.846,41.577,2.332,,0.917107143,0.392671429,0.360121772,0.841085511,0.154190851,,,,,,,,,,,
,,6.442,1.417,,,9.128,41.499,2.008,,0.911107143,0.282671429,0.257543958,0.830116226,0.079903137,,,,,,,,,,,
,,6.421,1.471,,,9.445,41.229,2.164,,0.890107143,0.336671429,0.299673643,0.792290726,0.113347651,,,,,,,,,,,
,,6.411,1.391,,,8.918,41.101,1.935,,0.880107143,0.256671429,0.225898358,0.774588583,0.065880222,,,,,,,,,,,
,,6.36,1.369,,,8.707,40.45,1.874,,0.829107143,0.234671429,0.194567758,0.687418654,0.055070679,,,,,,,,,,,
,,6.358,1.392,,,8.85,40.424,1.938,,0.827107143,0.257671429,0.213121879,0.684106226,0.066394565,,,,,,,,,,,
,,6.346,1.444,,,9.164,40.272,2.085,,0.815107143,0.309671429,0.252415393,0.664399654,0.095896394,,,,,,,,,,,
,,6.324,1.328,,,8.398,39.993,1.764,,0.793107143,0.193671429,0.153602193,0.62901894,0.037508622,,,,,,,,,,,
,,6.287,1.169,,,7.35,39.526,1.367,,0.756107143,0.034671429,0.026215315,0.571698011,0.001202108,,,,,,,,,,,
,,6.284,1.263,,,7.937,39.489,1.595,,0.753107143,0.128671429,0.096903372,0.567170369,0.016556337,,,,,,,,,,,
,,6.272,1.269,,,7.959,39.338,1.61,,0.741107143,0.134671429,0.099805958,0.549239797,0.018136394,,,,,,,,,,,
,,6.257,1.54,,,9.636,39.15,2.372,,0.726107143,0.405671429,0.294560922,0.527231583,0.164569308,,,,,,,,,,,
,,6.234,1.508,,,9.401,38.863,2.274,,0.703107143,0.373671429,0.262731051,0.494359654,0.139630337,,,,,,,,,,,
,,6.195,1.394,,,8.636,38.378,1.943,,0.664107143,0.259671429,0.172449651,0.441038297,0.067429251,,,,,,,,,,,
,,6.188,1.381,,,8.546,38.291,1.907,,0.657107143,0.246671429,0.162089558,0.431789797,0.060846794,,,,,,,,,,,
,,6.188,1.457,,,9.016,38.291,2.123,,0.657107143,0.322671429,0.212029701,0.431789797,0.104116851,,,,,,,,,,,
,,6.068,1.217,,,7.385,36.821,1.481,,0.537107143,0.082671429,0.044403415,0.288484083,0.006834565,,,,,,,,,,,
,,6.06,1.354,,,8.205,36.724,1.833,,0.529107143,0.219671429,0.116229722,0.279954369,0.048255537,,,,,,,,,,,
,,6.058,1.178,,,7.136,36.699,1.388,,0.527107143,0.043671429,0.023019522,0.27784194,0.001907194,,,,,,,,,,,
,,6.048,1.146,,,6.931,36.578,1.313,,0.517107143,0.011671429,0.006035379,0.267399797,0.000136222,,,,,,,,,,,
,,6.043,1.267,,,7.656,36.518,1.605,,0.512107143,0.132671429,0.067941986,0.262253726,0.017601708,,,,,,,,,,,
,,6.03,1.368,,,8.249,36.361,1.871,,0.499107143,0.233671429,0.116627079,0.24910794,0.054602337,,,,,,,,,,,
,,6.017,1.528,,,9.194,36.204,2.335,,0.486107143,0.393671429,0.191366493,0.236300154,0.154977194,,,,,,,,,,,
,,5.977,1.408,,,8.416,35.725,1.982,,0.446107143,0.273671429,0.122086779,0.199011583,0.074896051,,,,,,,,,,,
,,5.976,1.347,,,8.05,35.713,1.814,,0.445107143,0.212671429,0.094661572,0.198120369,0.045229137,,,,,,,,,,,
,,5.975,1.143,,,6.829,35.701,1.306,,0.444107143,0.008671429,0.003851043,0.197231154,7.52E-05,,,,,,,,,,,
,,5.973,1.239,,,7.401,35.677,1.535,,0.442107143,0.104671429,0.046275986,0.195458726,0.010956108,,,,,,,,,,,
,,5.968,1.035,,,6.177,35.617,1.071,,0.437107143,-0.099328571,-0.043417228,0.191062654,0.009866165,,,,,,,,,,,
,,5.942,1.445,,,8.586,35.307,2.088,,0.411107143,0.310671429,0.127719243,0.169009083,0.096516737,,,,,,,,,,,
,,5.934,1.276,,,7.572,35.212,1.628,,0.403107143,0.141671429,0.057108765,0.162495369,0.020070794,,,,,,,,,,,
,,5.877,1.318,,,7.746,34.539,1.737,,0.346107143,0.183671429,0.063569993,0.119790154,0.033735194,,,,,,,,,,,
,,5.866,1.1,,,6.453,34.41,1.21,,0.335107143,-0.034328571,-0.011503749,0.112296797,0.001178451,,,,,,,,,,,
,,5.842,1.324,,,7.735,34.129,1.753,,0.311107143,0.189671429,0.059008136,0.096787654,0.035975251,,,,,,,,,,,
,,5.841,1.18,,,6.892,34.117,1.392,,0.310107143,0.045671429,0.014163036,0.09616644,0.002085879,,,,,,,,,,,
,,5.823,1.272,,,7.407,33.907,1.618,,0.292107143,0.137671429,0.040214808,0.085326583,0.018953422,,,,,,,,,,,
,,5.816,1.358,,,7.898,33.826,1.844,,0.285107143,0.223671429,0.063770322,0.081286083,0.050028908,,,,,,,,,,,
,,5.816,1.277,,,7.427,33.826,1.631,,0.285107143,0.142671429,0.040676643,0.081286083,0.020355137,,,,,,,,,,,
,,5.785,1.351,,,7.816,33.466,1.825,,0.254107143,0.216671429,0.055057758,0.06457044,0.046946508,,,,,,,,,,,
,,5.784,1.179,,,6.819,33.455,1.39,,0.253107143,0.044671429,0.011306658,0.064063226,0.001995537,,,,,,,,,,,
,,5.725,1.151,,,6.589,32.776,1.325,,0.194107143,0.016671429,0.003236043,0.037677583,0.000277937,,,,,,,,,,,
,,5.714,1.477,,,8.44,32.65,2.182,,0.183107143,0.342671429,0.062745586,0.033528226,0.117423708,,,,,,,,,,,
,,5.707,1.318,,,7.522,32.57,1.737,,0.176107143,0.183671429,0.032345851,0.031013726,0.033735194,,,,,,,,,,,
,,5.696,1.511,,,8.607,32.444,2.283,,0.165107143,0.376671429,0.062191143,0.027260369,0.141881365,,,,,,,,,,,
,,5.695,1.241,,,7.067,32.433,1.54,,0.164107143,0.106671429,0.017505543,0.026931154,0.011378794,,,,,,,,,,,
,,5.607,1.321,,,7.407,31.438,1.745,,0.076107143,0.186671429,0.014207029,0.005792297,0.034846222,,,,,,,,,,,
,,5.568,1.184,,,6.593,31.003,1.402,,0.037107143,0.049671429,0.001843165,0.00137694,0.002467251,,,,,,,,,,,
,,5.463,1.469,,,8.025,29.844,2.158,,-0.067892857,0.334671429,-0.022721799,0.00460944,0.112004965,,,,,,,,,,,
,,5.455,1.154,,,6.295,29.757,1.332,,-0.075892857,0.019671429,-0.001492921,0.005759726,0.000386965,,,,,,,,,,,
,,5.422,1.369,,,7.423,29.398,1.874,,-0.108892857,0.234671429,-0.025554042,0.011857654,0.055070679,,,,,,,,,,,
,,5.369,1.277,,,6.856,28.826,1.631,,-0.161892857,0.142671429,-0.023097485,0.026209297,0.020355137,,,,,,,,,,,
,,5.364,1.191,,,6.389,28.772,1.418,,-0.166892857,0.056671429,-0.009458057,0.027853226,0.003211651,,,,,,,,,,,
,,5.316,1.184,,,6.294,28.26,1.402,,-0.214892857,0.049671429,-0.010674035,0.04617894,0.002467251,,,,,,,,,,,
,,5.304,0.924,,,4.901,28.132,0.854,,-0.226892857,-0.210328571,0.047722051,0.051480369,0.044238108,,,,,,,,,,,
,,5.221,0.622,,,3.247,27.259,0.387,,-0.309892857,-0.512328571,0.158766965,0.096033583,0.262480565,,,,,,,,,,,
,,5.216,0.883,,,4.606,27.207,0.78,,-0.314892857,-0.251328571,0.079141572,0.099157511,0.063166051,,,,,,,,,,,
,,5.185,0.99,,,5.133,26.884,0.98,,-0.345892857,-0.144328571,0.049922222,0.119641869,0.020830737,,,,,,,,,,,
,,5.166,0.996,,,5.145,26.688,0.992,,-0.364892857,-0.138328571,0.050475108,0.133146797,0.019134794,,,,,,,,,,,
,,5.158,0.99,,,5.106,26.605,0.98,,-0.372892857,-0.144328571,0.053819093,0.139049083,0.020830737,,,,,,,,,,,
,,5.139,0.846,,,4.348,26.409,0.716,,-0.391892857,-0.288328571,0.112993908,0.153580011,0.083133365,,,,,,,,,,,
,,5.106,1.038,,,5.3,26.071,1.077,,-0.424892857,-0.096328571,0.040929322,0.18053394,0.009279194,,,,,,,,,,,
,,5.08,0.578,,,2.936,25.806,0.334,,-0.450892857,-0.556328571,0.250844579,0.203304369,0.309501479,,,,,,,,,,,
,,5.023,0.622,,,3.124,25.231,0.387,,-0.507892857,-0.512328571,0.260208022,0.257955154,0.262480565,,,,,,,,,,,
,,4.975,1.175,,,5.846,24.751,1.381,,-0.555892857,0.040671429,-0.022608957,0.309016869,0.001654165,,,,,,,,,,,
,,4.969,0.751,,,3.732,24.691,0.564,,-0.561892857,-0.383328571,0.215389586,0.315723583,0.146940794,,,,,,,,,,,
,,4.923,1.136,,,5.593,24.236,1.29,,-0.607892857,0.001671429,-0.001016049,0.369533726,2.79E-06,,,,,,,,,,,
,,4.893,0.876,,,4.286,23.941,0.767,,-0.637892857,-0.258328571,0.164785951,0.406907297,0.066733651,,,,,,,,,,,
,,4.881,1.075,,,5.247,23.824,1.156,,-0.649892857,-0.059328571,0.038557215,0.422360726,0.003519879,,,,,,,,,,,
,,4.874,0.856,,,4.172,23.756,0.733,,-0.656892857,-0.278328571,0.182832051,0.431508226,0.077466794,,,,,,,,,,,
,,4.873,1.315,,,6.408,23.746,1.729,,-0.657892857,0.180671429,-0.118862442,0.432823011,0.032642165,,,,,,,,,,,
,,4.832,1.212,,,5.856,23.348,1.469,,-0.698892857,0.077671429,-0.054284007,0.488451226,0.006032851,,,,,,,,,,,
,,4.795,0.471,,,2.258,22.992,0.222,,-0.735892857,-0.663328571,0.488138758,0.541538297,0.440004794,,,,,,,,,,,
,,4.657,0.6,,,2.794,21.688,0.36,,-0.873892857,-0.534328571,0.466945922,0.763688726,0.285507022,,,,,,,,,,,
,,4.556,0.677,,,3.084,20.757,0.458,,-0.974892857,-0.457328571,0.445846358,0.950416083,0.209149422,,,,,,,,,,,
,,4.548,0.685,,,3.115,20.684,0.469,,-0.982892857,-0.449328571,0.441641843,0.966078369,0.201896165,,,,,,,,,,,
,,4.505,0.705,,,3.176,20.295,0.497,,-1.025892857,-0.429328571,0.440445115,1.052456154,0.184323022,,,,,,,,,,,
,,4.485,0.684,,,3.068,20.115,0.468,,-1.045892857,-0.450328571,0.470995436,1.093891869,0.202795822,,,,,,,,,,,
,,4.471,0.805,,,3.599,19.99,0.648,,-1.059892857,-0.329328571,0.349053001,1.123372869,0.108457308,,,,,,,,,,,
,,4.47,0.895,,,4.001,19.981,0.801,,-1.060892857,-0.239328571,0.253901972,1.125493654,0.057278165,,,,,,,,,,,
,,4.422,0.955,,,4.223,19.554,0.912,,-1.108892857,-0.179328571,0.198856172,1.229643369,0.032158737,,,,,,,,,,,
,,4.377,0.128,,,0.56,19.158,0.016,,-1.153892857,-1.006328571,1.161195351,1.331468726,1.012697194,,,,,,,,,,,
,,4.372,1.151,,,5.032,19.114,1.325,,-1.158892857,0.016671429,-0.019320399,1.343032654,0.000277937,,,,,,,,,,,
,,4.354,0.988,,,4.302,18.957,0.976,,-1.176892857,-0.146328571,0.172213051,1.385076797,0.021412051,,,,,,,,,,,
,,4.341,1.019,,,4.423,18.844,1.038,,-1.189892857,-0.115328571,0.137228643,1.415845011,0.013300679,,,,,,,,,,,
,,4.289,0.747,,,3.204,18.396,0.558,,-1.241892857,-0.387328571,0.481020586,1.542297869,0.150023422,,,,,,,,,,,
,,4.269,0.673,,,2.873,18.224,0.453,,-1.261892857,-0.461328571,0.582147229,1.592373583,0.212824051,,,,,,,,,,,
,,4.232,0.688,,,2.912,17.91,0.473,,-1.298892857,-0.446328571,0.579732993,1.687122654,0.199209194,,,,,,,,,,,
,,4.228,0.823,,,3.48,17.876,0.677,,-1.302892857,-0.311328571,0.405627772,1.697529797,0.096925479,,,,,,,,,,,
,,4.214,0.586,,,2.469,17.758,0.343,,-1.316892857,-0.548328571,0.722089979,1.734206797,0.300664222,,,,,,,,,,,
,,4.186,0.983,,,4.115,17.523,0.966,,-1.344892857,-0.151328571,0.203520715,1.808736797,0.022900337,,,,,,,,,,,
,,4.054,0.653,,,2.647,16.435,0.426,,-1.476892857,-0.481328571,0.710870729,2.181212511,0.231677194,,,,,,,,,,,
,,3.977,0.996,,,3.961,15.817,0.992,,-1.553892857,-0.138328571,0.214947779,2.414583011,0.019134794,,,,,,,,,,,
,,3.898,1.179,,,4.596,15.194,1.39,,-1.632892857,0.044671429,-0.072943657,2.666339083,0.001995537,,,,,,,,,,,
,,3.886,0.249,,,0.968,15.101,0.062,,-1.644892857,-0.885328571,1.456270643,2.705672511,0.783806679,,,,,,,,,,,
,,3.861,0.915,,,3.533,14.907,0.837,,-1.669892857,-0.219328571,0.366255215,2.788542154,0.048105022,,,,,,,,,,,
,,3.781,0.706,,,2.669,14.296,0.498,,-1.749892857,-0.428328571,0.749529108,3.062125011,0.183465365,,,,,,,,,,,
,,3.566,0.328,,,1.17,12.716,0.108,,-1.964892857,-0.806328571,1.584349251,3.86080394,0.650165765,,,,,,,,,,,
,,3.561,1.281,,,4.562,12.681,1.641,,-1.969892857,0.146671429,-0.288926999,3.880477869,0.021512508,,,,,,,,,,,
,,3.502,0.809,,,2.833,12.264,0.654,,-2.028892857,-0.325328571,0.660056815,4.116406226,0.105838679,,,,,,,,,,,
,,3.502,0.925,,,3.239,12.264,0.856,,-2.028892857,-0.209328571,0.424705243,4.116406226,0.043818451,,,,,,,,,,,
,,3.421,0.41,,,1.403,11.703,0.168,,-2.109892857,-0.724328571,1.528255679,4.451647869,0.524651879,,,,,,,,,,,
,,3.383,0.969,,,3.278,11.445,0.939,,-2.147892857,-0.165328571,0.355108058,4.613443726,0.027333537,,,,,,,,,,,
,,3.341,0.85,,,2.84,11.162,0.723,,-2.189892857,-0.284328571,0.622649108,4.795630726,0.080842737,,,,,,,,,,,
,,3.295,0.665,,,2.191,10.857,0.442,,-2.235892857,-0.469328571,1.049368401,4.999216869,0.220269308,,,,,,,,,,,
,,3.245,0.566,,,1.837,10.53,0.32,,-2.285892857,-0.568328571,1.299138222,5.225306154,0.322997365,,,,,,,,,,,
,,3.186,0.851,,,2.711,10.151,0.724,,-2.344892857,-0.283328571,0.664375143,5.498522511,0.080275079,,,,,,,,,,,
,,2.707,0.577,,,1.562,7.328,0.333,,-2.823892857,-0.557328571,1.573836172,7.974370869,0.310615137,,,,,,,,,,,
,,1.721,0,,,0,2.962,0,,-3.809892857,-1.134328571,4.321670322,14.51528358,1.286701308,,,,,,,,,,,
,TOTAL: ,774.325,158.806,,,922.863,4476.661,195.581,,0,0,44.524,193.953,15.443,,,,,,,,,,,
,,,,,,,,,,,,,,,,,,,,,,,,,
,,,,,,,,,,,,,,,,,,,,,,,,,
,,,,,,,,,,,,,,,,,,,,,,,,,
,1,, MODELO,,,,,,,,,,,,,,,,,,,,,,
,,,B0 =,-0.135,-0.135, --> Y = -0.135+0.23xi,,,,,,,,,,,,,,,,,,,
,,,B1 =,0.23,0.23,,,,,,,,,,,,,,,,,,,,
,,,,,,,,,,,,,,,,,,,,,,,,,
,,,,,,,,,,,,,,,,,,,,,,,,,
,,,,,,,,,,,,,,,,,,,,,,,,,
,Y = -0.135 + 0.23xi,,ei = yi - Y?i ,(ei)2,et - et-1,(et - et-1)2,(et-1)(et),,Yi - Y? ,(Yi - Y? )2,yi -Yi,(yi -Yi)2,,,,,,,,,,,,,
,1.64543,,-0.07343,0.005391965,,,,,0.508324643,0.258393943,0.07343,0.005391965,,,,,,,,,,,,,
,1.60909,,-0.08909,0.007937028,-0.01566,0.000245236,0.006541879,,0.471984643,0.222769503,0.08909,0.007937028,,,,,,,,,,,,,
,1.59575,,0.02125,0.000451562,0.11034,0.012174916,-0.001893162,,0.458644643,0.210354908,-0.02125,0.000451562,,,,,,,,,,,,,
,1.55412,,-0.05312,0.002821734,-0.07437,0.005530897,-0.0011288,,0.417014643,0.173901212,0.05312,0.002821734,,,,,,,,,,,,,
,1.55343,,-0.04043,0.001634585,0.01269,0.000161036,0.002147642,,0.416324643,0.173326208,0.04043,0.001634585,,,,,,,,,,,,,
,1.54837,,-0.08637,0.007459777,-0.04594,0.002110484,0.003491939,,0.411264643,0.169138606,0.08637,0.007459777,,,,,,,,,,,,,
,1.54446,,-0.02746,0.000754052,0.05891,0.003470388,0.00237172,,0.407354643,0.165937805,0.02746,0.000754052,,,,,,,,,,,,,
,1.50306,,-0.14806,0.021921764,-0.1206,0.01454436,0.004065728,,0.365954643,0.133922801,0.14806,0.021921764,,,,,,,,,,,,,
,1.4888,,-0.0638,0.00407044,0.08426,0.007099748,0.009446228,,0.351694643,0.123689122,0.0638,0.00407044,,,,,,,,,,,,,
,1.48811,,-0.02711,0.000734952,0.03669,0.001346156,0.001729618,,0.351004643,0.123204259,0.02711,0.000734952,,,,,,,,,,,,,
,1.48167,,0.04533,0.002054809,0.07244,0.005247554,-0.001228896,,0.344564643,0.118724793,-0.04533,0.002054809,,,,,,,,,,,,,
,1.46465,,-0.09165,0.008399723,-0.13698,0.01876352,-0.004154494,,0.327544643,0.107285493,0.09165,0.008399723,,,,,,,,,,,,,
,1.46373,,-0.09973,0.009946073,-0.00808,6.53E-05,0.009140254,,0.326624643,0.106683657,0.09973,0.009946073,,,,,,,,,,,,,
,1.45315,,-0.11715,0.013724123,-0.01742,0.000303456,0.01168337,,0.316044643,0.099884216,0.11715,0.013724123,,,,,,,,,,,,,
,1.452,,0.007,4.90E-05,0.12415,0.015413223,-0.00082005,,0.314894643,0.099158636,-0.007,4.90E-05,,,,,,,,,,,,,
,1.45062,,-0.01062,0.000112784,-0.01762,0.000310464,-7.43E-05,,0.313514643,0.098291431,0.01062,0.000112784,,,,,,,,,,,,,
,1.43774,,-0.04774,0.002279108,-0.03712,0.001377894,0.000506999,,0.300634643,0.090381188,0.04774,0.002279108,,,,,,,,,,,,,
,1.43406,,0.07694,0.005919764,0.12468,0.015545102,-0.003673116,,0.296954643,0.08818206,-0.07694,0.005919764,,,,,,,,,,,,,
,1.43314,,0.02086,0.00043514,-0.05608,0.003144966,0.001604968,,0.296034643,0.08763651,-0.02086,0.00043514,,,,,,,,,,,,,
,1.41727,,-0.09127,0.008330213,-0.11213,0.012573137,-0.001903892,,0.280164643,0.078492227,0.09127,0.008330213,,,,,,,,,,,,,
,1.41589,,0.08611,0.007414932,0.17738,0.031463664,-0.00785926,,0.278784643,0.077720877,-0.08611,0.007414932,,,,,,,,,,,,,
,1.41359,,-0.24959,0.062295168,-0.3357,0.11269449,-0.021492195,,0.276484643,0.076443758,0.24959,0.062295168,,,,,,,,,,,,,
,1.41175,,-0.01975,0.000390063,0.22984,0.052826426,0.004929403,,0.274644643,0.07542968,0.01975,0.000390063,,,,,,,,,,,,,
,1.41037,,-0.02037,0.000414937,-0.00062,3.84E-07,0.000402308,,0.273264643,0.074673565,0.02037,0.000414937,,,,,,,,,,,,,
,1.40094,,-0.15994,0.025580804,-0.13957,0.019479785,0.003257978,,0.263834643,0.069608719,0.15994,0.025580804,,,,,,,,,,,,,
,1.38553,,0.04547,0.002067521,0.20541,0.042193268,-0.007272472,,0.248424643,0.061714803,-0.04547,0.002067521,,,,,,,,,,,,,
,1.38507,,-0.03707,0.001374185,-0.08254,0.006812852,-0.001685573,,0.247964643,0.061486464,0.03707,0.001374185,,,,,,,,,,,,,
,1.38162,,-0.02062,0.000425184,0.01645,0.000270602,0.000764383,,0.244514643,0.059787411,0.02062,0.000425184,,,,,,,,,,,,,
,1.37403,,-0.09703,0.009414821,-0.07641,0.005838488,0.002000759,,0.236924643,0.056133286,0.09703,0.009414821,,,,,,,,,,,,,
,1.36529,,-0.00429,1.84E-05,0.09274,0.008600708,0.000416259,,0.228184643,0.052068231,0.00429,1.84E-05,,,,,,,,,,,,,
,1.36069,,-0.01469,0.000215796,-0.0104,0.00010816,6.30E-05,,0.223584643,0.049990093,0.01469,0.000215796,,,,,,,,,,,,,
,1.35793,,-0.12193,0.014866925,-0.10724,0.011500418,0.001791152,,0.220824643,0.048763523,0.12193,0.014866925,,,,,,,,,,,,,
,1.35287,,-0.27287,0.074458037,-0.15094,0.022782884,0.033271039,,0.215764643,0.046554381,0.27287,0.074458037,,,,,,,,,,,,,
,1.34804,,0.17896,0.032026682,0.45183,0.204150349,-0.048832815,,0.210934643,0.044493424,-0.17896,0.032026682,,,,,,,,,,,,,
,1.34666,,0.07034,0.004947716,-0.10862,0.011798304,0.012588046,,0.209554643,0.043913148,-0.07034,0.004947716,,,,,,,,,,,,,
,1.34183,,0.12917,0.016684889,0.05883,0.003460969,0.009085818,,0.204724643,0.041912179,-0.12917,0.016684889,,,,,,,,,,,,,
,1.33953,,0.05147,0.002649161,-0.0777,0.00603729,0.00664838,,0.202424643,0.040975736,-0.05147,0.002649161,,,,,,,,,,,,,
,1.3278,,0.0412,0.00169744,-0.01027,0.000105473,0.002120564,,0.190694643,0.036364447,-0.0412,0.00169744,,,,,,,,,,,,,
,1.32734,,0.06466,0.004180916,0.02346,0.000550372,0.002663992,,0.190234643,0.036189219,-0.06466,0.004180916,,,,,,,,,,,,,
,1.32458,,0.11942,0.014261136,0.05476,0.002998658,0.007721697,,0.187474643,0.035146742,-0.11942,0.014261136,,,,,,,,,,,,,
,1.31952,,0.00848,7.19E-05,-0.11094,0.012307684,0.001012682,,0.182414643,0.033275102,-0.00848,7.19E-05,,,,,,,,,,,,,
,1.31101,,-0.14201,0.02016684,-0.15049,0.02264724,-0.001204245,,0.173904643,0.030242825,0.14201,0.02016684,,,,,,,,,,,,,
,1.31032,,-0.04732,0.002239182,0.09469,0.008966196,0.006719913,,0.173214643,0.030003313,0.04732,0.002239182,,,,,,,,,,,,,
,1.30756,,-0.03856,0.001486874,0.00876,7.67E-05,0.001824659,,0.170454643,0.029054785,0.03856,0.001486874,,,,,,,,,,,,,
,1.30411,,0.23589,0.055644092,0.27445,0.075322803,-0.009095918,,0.167004643,0.027890551,-0.23589,0.055644092,,,,,,,,,,,,,
,1.29882,,0.20918,0.043756272,-0.02671,0.000713424,0.04934347,,0.161714643,0.026151626,-0.20918,0.043756272,,,,,,,,,,,,,
,1.28985,,0.10415,0.010847222,-0.10503,0.011031301,0.021786097,,0.152744643,0.023330926,-0.10415,0.010847222,,,,,,,,,,,,,
,1.28824,,0.09276,0.008604418,-0.01139,0.000129732,0.009660954,,0.151134643,0.02284168,-0.09276,0.008604418,,,,,,,,,,,,,
,1.28824,,0.16876,0.028479938,0.076,0.005776,0.015654178,,0.151134643,0.02284168,-0.16876,0.028479938,,,,,,,,,,,,,
,1.26064,,-0.04364,0.00190445,-0.2124,0.04511376,-0.007364686,,0.123534643,0.015260808,0.04364,0.00190445,,,,,,,,,,,,,
,1.2588,,0.0952,0.00906304,0.13884,0.019276546,-0.004154528,,0.121694643,0.014809586,-0.0952,0.00906304,,,,,,,,,,,,,
,1.25834,,-0.08034,0.006454516,-0.17554,0.030814292,-0.007648368,,0.121234643,0.014697839,0.08034,0.006454516,,,,,,,,,,,,,
,1.25604,,-0.11004,0.012108802,-0.0297,0.00088209,0.008840614,,0.118934643,0.014145449,0.11004,0.012108802,,,,,,,,,,,,,
,1.25489,,0.01211,0.000146652,0.12215,0.014920623,-0.001332584,,0.117784643,0.013873222,-0.01211,0.000146652,,,,,,,,,,,,,
,1.2519,,0.1161,0.01347921,0.10399,0.01081392,0.001405971,,0.114794643,0.01317781,-0.1161,0.01347921,,,,,,,,,,,,,
,1.24891,,0.27909,0.077891228,0.16299,0.02656574,0.032402349,,0.111804643,0.012500278,-0.27909,0.077891228,,,,,,,,,,,,,
,1.23971,,0.16829,0.028321524,-0.1108,0.01227664,0.046968056,,0.102604643,0.010527713,-0.16829,0.028321524,,,,,,,,,,,,,
,1.23948,,0.10752,0.01156055,-0.06077,0.003692993,0.018094541,,0.102374643,0.010480568,-0.10752,0.01156055,,,,,,,,,,,,,
,1.23925,,-0.09625,0.009264062,-0.20377,0.041522213,-0.0103488,,0.102144643,0.010433528,0.09625,0.009264062,,,,,,,,,,,,,
,1.23879,,0.00021,4.41E-08,0.09646,0.009304532,-2.02E-05,,0.101684643,0.010339767,-0.00021,4.41E-08,,,,,,,,,,,,,
,1.23764,,-0.20264,0.04106297,-0.20285,0.041148123,-4.26E-05,,0.100534643,0.010107214,0.20264,0.04106297,,,,,,,,,,,,,
,1.23166,,0.21334,0.045513956,0.41598,0.17303936,-0.043231218,,0.094554643,0.00894058,-0.21334,0.045513956,,,,,,,,,,,,,
,1.22982,,0.04618,0.002132592,-0.16716,0.027942466,0.009852041,,0.092714643,0.008596005,-0.04618,0.002132592,,,,,,,,,,,,,
,1.21671,,0.10129,0.010259664,0.05511,0.003037112,0.004677572,,0.079604643,0.006336899,-0.10129,0.010259664,,,,,,,,,,,,,
,1.21418,,-0.11418,0.013037072,-0.21547,0.046427321,-0.011565292,,0.077074643,0.005940501,0.11418,0.013037072,,,,,,,,,,,,,
,1.20866,,0.11534,0.013303316,0.22952,0.05267943,-0.013169521,,0.071554643,0.005120067,-0.11534,0.013303316,,,,,,,,,,,,,
,1.20843,,-0.02843,0.000808265,-0.14377,0.020669813,-0.003279116,,0.071324643,0.005087205,0.02843,0.000808265,,,,,,,,,,,,,
,1.20429,,0.06771,0.004584644,0.09614,0.0092429,-0.001924995,,0.067184643,0.004513776,-0.06771,0.004584644,,,,,,,,,,,,,
,1.20268,,0.15532,0.024124302,0.08761,0.007675512,0.010516717,,0.065574643,0.004300034,-0.15532,0.024124302,,,,,,,,,,,,,
,1.20268,,0.07432,0.005523462,-0.081,0.006561,0.011543382,,0.065574643,0.004300034,-0.07432,0.005523462,,,,,,,,,,,,,
,1.19555,,0.15545,0.024164703,0.08113,0.006582077,0.011553044,,0.058444643,0.003415776,-0.15545,0.024164703,,,,,,,,,,,,,
,1.19532,,-0.01632,0.000266342,-0.17177,0.029504933,-0.002536944,,0.058214643,0.003388945,0.01632,0.000266342,,,,,,,,,,,,,
,1.18175,,-0.03075,0.000945562,-0.01443,0.000208225,0.00050184,,0.044644643,0.001993144,0.03075,0.000945562,,,,,,,,,,,,,
,1.17922,,0.29778,0.088672928,0.32853,0.107931961,-0.009156735,,0.042114643,0.001773643,-0.29778,0.088672928,,,,,,,,,,,,,
,1.17761,,0.14039,0.019709352,-0.15739,0.024771612,0.041805334,,0.040504643,0.001640626,-0.14039,0.019709352,,,,,,,,,,,,,
,1.17508,,0.33592,0.112842246,0.19553,0.038231981,0.047159809,,0.037974643,0.001442074,-0.33592,0.112842246,,,,,,,,,,,,,
,1.17485,,0.06615,0.004375822,-0.26977,0.072775853,0.022221108,,0.037744643,0.001424658,-0.06615,0.004375822,,,,,,,,,,,,,
,1.15461,,0.16639,0.027685632,0.10024,0.010048058,0.011006699,,0.017504643,0.000306413,-0.16639,0.027685632,,,,,,,,,,,,,
,1.14564,,0.03836,0.00147149,-0.12803,0.016391681,0.00638272,,0.008534643,7.28E-05,-0.03836,0.00147149,,,,,,,,,,,,,
,1.12149,,0.34751,0.1207632,0.30915,0.095573723,0.013330484,,-0.015615357,0.000243839,-0.34751,0.1207632,,,,,,,,,,,,,
,1.11965,,0.03435,0.001179922,-0.31316,0.098069186,0.011936969,,-0.017455357,0.000304689,-0.03435,0.001179922,,,,,,,,,,,,,
,1.11206,,0.25694,0.066018164,0.22259,0.049546308,0.008825889,,-0.025045357,0.00062727,-0.25694,0.066018164,,,,,,,,,,,,,
,1.09987,,0.17713,0.031375037,-0.07981,0.006369636,0.045511782,,-0.037235357,0.001386472,-0.17713,0.031375037,,,,,,,,,,,,,
,1.09872,,0.09228,0.008515598,-0.08485,0.007199522,0.016345556,,-0.038385357,0.001473436,-0.09228,0.008515598,,,,,,,,,,,,,
,1.08768,,0.09632,0.009277542,0.00404,1.63E-05,0.00888841,,-0.049425357,0.002442866,-0.09632,0.009277542,,,,,,,,,,,,,
,1.08492,,-0.16092,0.025895246,-0.25724,0.066172418,-0.015499814,,-0.052185357,0.002723312,0.16092,0.025895246,,,,,,,,,,,,,
,1.06583,,-0.44383,0.196985069,-0.28291,0.080038068,0.071421124,,-0.071275357,0.005080177,0.44383,0.196985069,,,,,,,,,,,,,
,1.06468,,-0.18168,0.033007622,0.26215,0.068722623,0.080635034,,-0.072425357,0.005245432,0.18168,0.033007622,,,,,,,,,,,,,
,1.05755,,-0.06755,0.004563003,0.11413,0.013025657,0.012272484,,-0.079555357,0.006329055,0.06755,0.004563003,,,,,,,,,,,,,
,1.05318,,-0.05718,0.003269552,0.01037,0.000107537,0.003862509,,-0.083925357,0.007043466,0.05718,0.003269552,,,,,,,,,,,,,
,1.05134,,-0.06134,0.003762596,-0.00416,1.73E-05,0.003507421,,-0.085765357,0.007355696,0.06134,0.003762596,,,,,,,,,,,,,
,1.04697,,-0.20097,0.040388941,-0.13963,0.019496537,0.0123275,,-0.090135357,0.008124383,0.20097,0.040388941,,,,,,,,,,,,,
,1.03938,,-0.00138,1.90E-06,0.19959,0.039836168,0.000277339,,-0.097725357,0.009550245,0.00138,1.90E-06,,,,,,,,,,,,,
,1.0334,,-0.4554,0.20738916,-0.45402,0.20613416,0.000628452,,-0.103705357,0.010754801,0.4554,0.20738916,,,,,,,,,,,,,
,1.02029,,-0.39829,0.158634924,0.05711,0.003261552,0.181381266,,-0.116815357,0.013645828,0.39829,0.158634924,,,,,,,,,,,,,
,1.00925,,0.16575,0.027473063,0.56404,0.318141122,-0.066016568,,-0.127855357,0.016346992,-0.16575,0.027473063,,,,,,,,,,,,,
,1.00787,,-0.25687,0.065982197,-0.42262,0.178607664,-0.042576203,,-0.129235357,0.016701778,0.25687,0.065982197,,,,,,,,,,,,,
,0.99729,,0.13871,0.019240464,0.39558,0.156483536,-0.035630438,,-0.139815357,0.019548334,-0.13871,0.019240464,,,,,,,,,,,,,
,0.99039,,-0.11439,0.013085072,-0.2531,0.06405961,-0.015867037,,-0.146715357,0.021525396,0.11439,0.013085072,,,,,,,,,,,,,
,0.98763,,0.08737,0.007633517,0.20176,0.040707098,-0.009994254,,-0.149475357,0.022342882,-0.08737,0.007633517,,,,,,,,,,,,,
,0.98602,,-0.13002,0.0169052,-0.21739,0.047258412,-0.011359847,,-0.151085357,0.022826785,0.13002,0.0169052,,,,,,,,,,,,,
,0.98579,,0.32921,0.108379224,0.45923,0.210892193,-0.042803884,,-0.151315357,0.022896337,-0.32921,0.108379224,,,,,,,,,,,,,
,0.97636,,0.23564,0.05552621,-0.09357,0.008755345,0.077575044,,-0.160745357,0.02583907,-0.23564,0.05552621,,,,,,,,,,,,,
,0.96785,,-0.49685,0.246859923,-0.73249,0.5365416,-0.117077734,,-0.169255357,0.028647376,0.49685,0.246859923,,,,,,,,,,,,,
,0.93611,,-0.33611,0.112969932,0.16074,0.025837348,0.166996254,,-0.200995357,0.040399134,0.33611,0.112969932,,,,,,,,,,,,,
,0.91288,,-0.23588,0.055639374,0.10023,0.010046053,0.079281627,,-0.224225357,0.050277011,0.23588,0.055639374,,,,,,,,,,,,,
,0.91104,,-0.22604,0.051094082,0.00984,9.68E-05,0.053318315,,-0.226065357,0.051105546,0.22604,0.051094082,,,,,,,,,,,,,
,0.90115,,-0.19615,0.038474823,0.02989,0.000893412,0.044337746,,-0.235955357,0.055674931,0.19615,0.038474823,,,,,,,,,,,,,
,0.89655,,-0.21255,0.045177503,-0.0164,0.00026896,0.041691683,,-0.240555357,0.05786688,0.21255,0.045177503,,,,,,,,,,,,,
,0.89333,,-0.08833,0.007802189,0.12422,0.015430608,0.018774542,,-0.243775357,0.059426425,0.08833,0.007802189,,,,,,,,,,,,,
,0.8931,,0.0019,3.61E-06,0.09023,0.008141453,-0.000167827,,-0.244005357,0.059538614,-0.0019,3.61E-06,,,,,,,,,,,,,
,0.88206,,0.07294,0.005320244,0.07104,0.005046682,0.000138586,,-0.255045357,0.065048134,-0.07294,0.005320244,,,,,,,,,,,,,
,0.87171,,-0.74371,0.553104564,-0.81665,0.666917223,-0.054246207,,-0.265395357,0.070434696,0.74371,0.553104564,,,,,,,,,,,,,
,0.87056,,0.28044,0.078646594,1.02415,1.048883223,-0.208566032,,-0.266545357,0.071046427,-0.28044,0.078646594,,,,,,,,,,,,,
,0.86642,,0.12158,0.014781696,-0.15886,0.0252365,0.034095895,,-0.270685357,0.073270563,-0.12158,0.014781696,,,,,,,,,,,,,
,0.86343,,0.15557,0.024202025,0.03399,0.00115532,0.018914201,,-0.273675357,0.074898201,-0.15557,0.024202025,,,,,,,,,,,,,
,0.85147,,-0.10447,0.010913981,-0.26004,0.067620802,-0.016252398,,-0.285635357,0.081587557,0.10447,0.010913981,,,,,,,,,,,,,
,0.84687,,-0.17387,0.030230777,-0.0694,0.00481636,0.018164199,,-0.290235357,0.084236563,0.17387,0.030230777,,,,,,,,,,,,,
,0.83836,,-0.15036,0.02260813,0.02351,0.00055272,0.026143093,,-0.298745357,0.089248788,0.15036,0.02260813,,,,,,,,,,,,,
,0.83744,,-0.01444,0.000208514,0.13592,0.018474246,0.002171198,,-0.299665357,0.089799326,0.01444,0.000208514,,,,,,,,,,,,,
,0.83422,,-0.24822,0.061613168,-0.23378,0.054653088,0.003584297,,-0.302885357,0.09173954,0.24822,0.061613168,,,,,,,,,,,,,
,0.82778,,0.15522,0.024093248,0.40344,0.162763834,-0.038528708,,-0.309325357,0.095682177,-0.15522,0.024093248,,,,,,,,,,,,,
,0.79742,,-0.14442,0.020857136,-0.29964,0.08978413,-0.022416872,,-0.339685357,0.115386142,0.14442,0.020857136,,,,,,,,,,,,,
,0.77971,,0.21629,0.046781364,0.36071,0.130111704,-0.031236602,,-0.357395357,0.127731441,-0.21629,0.046781364,,,,,,,,,,,,,
,0.76154,,0.41746,0.174272852,0.20117,0.040469369,0.090292423,,-0.375565357,0.141049337,-0.41746,0.174272852,,,,,,,,,,,,,
,0.75878,,-0.50978,0.259875648,-0.92724,0.859774018,-0.212812759,,-0.378325357,0.143130076,0.50978,0.259875648,,,,,,,,,,,,,
,0.75303,,0.16197,0.026234281,0.67175,0.451248063,-0.082569067,,-0.384075357,0.14751388,-0.16197,0.026234281,,,,,,,,,,,,,
,0.73463,,-0.02863,0.000819677,-0.1906,0.03632836,-0.004637201,,-0.402475357,0.161986413,0.02863,0.000819677,,,,,,,,,,,,,
,0.68518,,-0.35718,0.127577552,-0.32855,0.107945103,0.010226063,,-0.451925357,0.204236528,0.35718,0.127577552,,,,,,,,,,,,,
,0.68403,,0.59697,0.356373181,0.95415,0.910402223,-0.213225745,,-0.453075357,0.205277279,-0.59697,0.356373181,,,,,,,,,,,,,
,0.67046,,0.13854,0.019193332,-0.45843,0.210158065,0.082704224,,-0.466645357,0.217757889,-0.13854,0.019193332,,,,,,,,,,,,,
,0.67046,,0.25454,0.064790612,0.116,0.013456,0.035263972,,-0.466645357,0.217757889,-0.25454,0.064790612,,,,,,,,,,,,,
,0.65183,,-0.24183,0.058481749,-0.49637,0.246383177,-0.061555408,,-0.485275357,0.235492172,0.24183,0.058481749,,,,,,,,,,,,,
,0.64309,,0.32591,0.106217328,0.56774,0.322328708,-0.078814815,,-0.494015357,0.244051173,-0.32591,0.106217328,,,,,,,,,,,,,
,0.63343,,0.21657,0.046902565,-0.10934,0.011955236,0.070582329,,-0.503675357,0.253688865,-0.21657,0.046902565,,,,,,,,,,,,,
,0.62285,,0.04215,0.001776623,-0.17442,0.030422336,0.009128426,,-0.514255357,0.264458572,-0.04215,0.001776623,,,,,,,,,,,,,
,0.61135,,-0.04535,0.002056623,-0.0875,0.00765625,-0.001911503,,-0.525755357,0.276418696,0.04535,0.002056623,,,,,,,,,,,,,
,0.59778,,0.25322,0.064120368,0.29857,0.089144045,-0.011483527,,-0.539325357,0.290871841,-0.25322,0.064120368,,,,,,,,,,,,,
,0.48761,,0.08939,0.007990572,-0.16383,0.026840269,0.022635336,,-0.649495357,0.421844219,-0.08939,0.007990572,,,,,,,,,,,,,
,0.26083,,-0.26083,0.068032289,-0.35022,0.122654048,-0.023315594,,-0.876275357,0.767858502,0.26083,0.068032289,,,,,,,,,,,,,
TOTAL: ,,159.19475,-0.38875,5.223139012,-0.1874,9.849054306,0.261899732,,8.02E-14,10.2601051,0.38875,5.223139012,,,,,,,,,,,,,
,Y? = ,1.137105357,,,,,,,,,,,,,,,,,,,,,,,
,,,,,,,,,,,,,,,,,,,,,,,,,
,,,,,,,Inferencia estadística,,,,,,,,,,,,,,,,,,
2,,a) EMC,,s2 =,0.037848833,,3,,a) intervalos de confianza,,,,,,,,,4,,Coeficiente de determinación,,,,,
,,b) Esperanza,,,,,,,B0 =,-0.135,,,,,,,,,,r2 =,0.662,,,,
,,,B0,B1,,,,,B1 =,0.229562,,,,,,,,,,,,,,,
,,E[,-0.135,-0.135,],,,, ? =,0.05,,,,,,,,,,Coeficiente de correlación,,,,,
,,var(,0.006,0,),,,,,S(B1),"t0.975, 138",,[,0.202,0.257,],,,,p? = ,0.813542002,"?[-1, 1]",,,
,,s(,0.079,0.014,),,,,Dado,0.014,1.984,,.-->,se tomó N=100 en las tablas,,,,,,,,,,,
,,,,,,,,,b) Prueba de hipótesis,,,,,,,,,,,,,,,,
,,,,,,,,,B1 =,0.229562,,,,,,,,5,,Durbin-Watson,,,,,
,,,,,,,,,S(B1 ) =,0.014,,,,,,,,,,d = ,1.885658085,,,,
,,,,,,,,,,t ,vs,ttablas,,,,,,,, ? =,0.05,k =,1,n =,140
,,,,,,,,,,16.433,>,1.984,,,,,,,,dtablas =,1.65,1.69,,,
,,,,,,,,,Si hay relación líneal entre las variables x y y,,,,,,,,,,,Se tomó N =100 en las tablas,,,,,
,,,,,,,,,c) Análisis de varianza,,,,,,,,,,,No hay autocorrelación (variables son ruido blanco),,,,,
,,,,,,,,,,,0.037848833,=,0.037848833,,"0.95, 1, 138",,,,,,,,,,
,,,,,,,,,Fuente de varianza,,g.l.,SC,SCM,F,Ftablas,,,"Por lo tanto, el modelo es bueno.",,,,,,,
,,,,,,,,,Regresión,,1,10.26,10.26,271.0811449,4.67,,,,,,,,,,
,,,,,,,,,Error,,138,5.223,0.037848833,>,,,,"Por lo tanto, respondiendo la pregunta inicial:",,,,,,,
,,,,,,,,,Total,,139,15.443,,,,,,Los promedios de apoyo social si tienen un efecto en los puntajes de felicidad para cada país.,,,,,,,
,,,,,,,,,Hay presencia de relación líneal entre las variables x y y,,,,,,,,,,,,,,,,
